temperature_C,pressure_mTorr,power_W,flow_sccm,gas
174.848,2.292,189.443,47.822,Ar
183.259,19.778,206.254,42.895,Ar
194.237,1.157,171.02,17.972,N2
109.712,5.219,50.513,16.722,N2
162.487,5.305,139.816,31.084,O2
187.696,10.887,105.546,16.821,Ar
221.828,10.66,193.799,9.579,O2
123.305,1.373,115.486,43.748,O2
194.752,15.816,144.947,48.63,Ar
179.122,3.781,219.358,55.981,N2
